Id,HrmApproverId,HrmRequestorId,,,
285,NULL,206,,,
286,206,4,,,
289,12,8,,,
292,206,12,,,
294,206,14,,,
299,12,51,,,
302,12,207,,,
332,12,31,,,
335,12,53,,,
337,12,56,,,
353,8,34,,,
393,12,21,,,
394,207,24,,,
395,207,25,,,
397,207,46,,,
430,207,44,,,
431,24,113,,,
437,24,129,,,
438,24,130,,,
439,24,132,,,
442,24,144,,,
444,24,154,,,
445,24,161,,,
446,24,162,,,
447,24,163,,,
457,24,209,,,
458,24,210,,,
486,24,35,,,
659,8,60,,,
749,207,47,,,
753,47,173,,,
754,47,178,,,
757,47,200,,,
758,47,213,,,
760,47,188,,,
768,207,260,,,
792,51,257,,,
793,51,255,,,
794,51,254,,,
796,51,190,,,
799,51,183,,,
822,12,48,,,
823,48,168,,,
824,48,219,,,
825,48,167,,,
826,48,169,,,
827,48,171,,,
828,48,182,,,
831,24,128,,,
832,24,110,,,
833,24,112,,,
834,24,125,,,
835,24,126,,,
836,24,136,,,
837,24,143,,,
838,24,155,,,
839,24,156,,,
840,24,157,,,
841,24,158,,,
842,24,159,,,
843,24,160,,,
857,51,191,,,
860,51,192,,,
861,51,269,,,
864,56,284,,,
872,207,117,,,
873,207,282,,,
874,207,263,,,
876,263,57,,,
878,263,66,,,
885,34,278,,,
886,51,297,,,
887,48,283,,,
888,48,303,,,
895,24,308,,,
897,24,164,,,
899,207,313,,,
900,207,312,,,
902,12,32,,,
903,12,40,,,
904,31,61,,,
906,12,20,,,
907,12,29,,,
908,12,30,,,
909,12,17,,,
910,29,140,,,
911,29,152,,,
913,29,288,,,
914,29,295,,,
915,20,37,,,
916,20,81,,,
917,20,121,,,
918,20,287,,,
919,20,325,,,
920,20,100,,,
921,20,309,,,
922,20,95,,,
923,20,122,,,
924,20,262,,,
925,20,75,,,
926,20,36,,,
927,20,72,,,
928,20,42,,,
929,20,301,,,
932,30,107,,,
933,30,108,,,
934,30,109,,,
938,30,304,,,
939,17,85,,,
940,17,102,,,
941,17,137,,,
943,17,142,,,
944,17,145,,,
945,17,148,,,
946,17,150,,,
947,17,203,,,
948,17,151,,,
949,17,141,,,
950,17,247,,,
953,17,299,,,
954,17,298,,,
955,17,315,,,
956,20,261,,,
957,51,336,,,
958,51,330,,,
959,51,194,,,
960,17,318,,,
961,30,334,,,
964,30,345,,,
965,20,305,,,
966,32,343,,,
969,17,317,,,
970,30,358,,,
971,30,357,,,
972,30,349,,,
973,29,359,,,
974,30,354,,,
977,51,366,,,
978,17,370,,,
979,17,369,,,
980,20,367,,,
981,34,348,,,
982,60,347,,,
